"UID","TIME"
"1666341511576-staffuser","1669699642474"
"1666342652922-staffuser","1666342669607"
"1666342516356-staffuser","0"
"1666340129060-consumeruser","1666340867075"
"1668498382711-staffuser","1668498387963"
"1666342540105-staffuser","1666342544425"
"1666340062670-staffuser","0"
"1666450907301-consumeruser","1666450916643"
"1668498129699-consumeruser","1668498133026"
"1666546302786-staffuser","0"
"1666546405816-consumeruser","1666546410828"
"0000000000000-adminuser","1669745300936"
"1666602242320-consumeruser","1669742264016"
"1669699840525-consumeruser","1669699905531"
"1666341532792-staffuser","1666341539038"
