﻿Name,is Extra,Admin,Staff,User,Notes
มี permission to access the Admin account,No,Yes,No,No,
ถูก populate/register บัญชีได้,No,No,Yes,Yes,
สั่ง suspend (ระงับ) access permission ของ user ได้,No,Yes,No,No,"user ที่ถูก suspend permission
- จะไม่มี permission ในการ login เข้าแอป
- มีข้อความแจ้งเตือนการถูก suspend ตอนจะ login"
เรียกดู login attempts ในระหว่าง suspending period ของแต่ละ user ได้,No,Yes,No,No,
สั่ง unsuspend (คืนสิทธิ์) access permission ของ user ได้,No,Yes,No,No,
มี permission ในการสร้าง Staff account,No,Yes,No,No,
จัดการ organization ของ Staff ได้,Yes,Yes,No,No,
มี permission สร้าง new complaint category,Yes,No,No,No,