﻿เข้าข่าย,No.,Scope,ข้อกำหนด,ระดับความสำคัญ,Color Tag,Tags,ผู้ได้รับผลกระทบ,ผลกระทบ,อ้างอิง,ผู้แก้ไข,Notes
No,1,submit,"- ต้อง ส่งด้วย GitHub Classroom repo ที่กำหนด
- ต้อง มี commit ≥ 1 จากทุกคน",MUST,Blue,OakCoders,TEAM,5 → F,,Potsawat Thinkanwatthana,- ?[ผลกระทบ] ถ้า submission ใด ๆ ขาด commit ของใครไป จะโดนหัก ≤ 5 หรือได้ 0 กันแน่
No,2,submit,ต้อง on-time,MUST,Red,OakCoders,TEAM,I → F,,Potsawat Thinkanwatthana,
No,3,submit,ทุกคนต้อง commit อย่างมีนัยสำคัญ,MUST,Red,OakCoders,some,"F, ไม่มีการจัดกลุ่มให้ใหม่",,Potsawat Thinkanwatthana,
No,4,submit,"- commit ต้องต่อเนื่อง
- ใช้ git command ผิดไม่ใช่ข้อแก้ตัว",MUST,Blue,OakCoders,TEAM,F,,Potsawat Thinkanwatthana,
No,5,release,README.md,MUST,Red,OakCoders,TEAM,I → F,"https://www.notion.so/e15620fbbdea448b83a1b82f68d32493  ",Potsawat Thinkanwatthana,- ?[ผลกระทบ] มีโอกาสแก้ตัวไหม; สมมติในวัน release โดนติงว่า README.md ไม่โอเค
No,6,submit,"ชื่อ file, directory ต้อง
- สื่อความหมาย
- ตรงบริบทของงาน",MUST,Blue,OakCoders,TEAM,- ( ≥ 10 ) ต่อจุด,,Potsawat Thinkanwatthana,
No,7,release,"UX:
ต้องมี executable file ที่
a. double click แล้ว run ได้
b. มี instruction ระบุ command ที่ใช้ในการ run ในส่วน วิธีการติดตั้งหรือรันโปรแกรม ใน README.md

Notice: หากผู้ตรวจไม่สามารถหา executable file ได้จาก repository หรือ README.md ไม่อธิบายวิธีการติดต้ังโปรแกรมจนผู้ตรวจไม่สามารถเปิดโปรแกรมได้ โครงงานของนิสิตจะไม่ได้รับการตรวจ และนิสิตทุกคนในกลุ่ม จะได้เกรด F (ตก)",MUST,"Blue, Red",OakCoders,TEAM,"5 || 0 || 0 → F

a. ใน repository มี executable file ที่ run ด้วย double-click
b. ใน repository มี executable file ที่ run ด้วย command
c. บอกวิธี run executable file ด้วย command ใน README.md
d. คนตรวจไม่สามารถหา executable file จาก repository
e. README.md ไม่มีบอกวิธี install ส่งผลให้ผู้ตรวจไม่สามารถเปิด program ได้

if (a || (b && c))
{
    then (5);
}
else if (b && !c)
{
    then (0);
}
else if (d || e)
{
    then (F);
}","https://www.notion.so/e15620fbbdea448b83a1b82f68d32493 ",Potsawat Thinkanwatthana,
No,8,backlog,"Objects:
ต้องใช้ OOP",MUST!!!,Red,OakCoders,see 8.*,see 8.*,https://dev.java/oop/,Potsawat Thinkanwatthana,
No,8.1,backlog,"Overloading:
ออกแบบคลาสให้สามารถสร้าง object ท่ีมีข้อมูลต่างกันผ่านการส่งค่าให้ parameter ใน constructor ได้

ดังน้ัน นิสิตควรสร้าง object ท่ีเก็บข้อมูลต่างกัน โดยใช้คลาสเดียวกันได้",MUST!!!,Red,OakCoders,TEAM,5,,Potsawat Thinkanwatthana,
No,8.2,backlog,สร้าง attributes ได้ถูกต้อง ไม่ใช้ local variable มาเป็น attribute,MUST!!!,Red,OakCoders,TEAM,5,,Potsawat Thinkanwatthana,- ?[ข้อกำหนด] อะไรคือ local variable มาเป็น attribute
No,8.3,backlog,"Package layout:
ระบุ access modifer ท่ีเหมาะสม คลาสอยู่ใน package ท่ีเหมาะสม และไม่ใช้ static",Should,Black,OakCoders,TEAM,≤ 5,"https://www.notion.so/3f2ebeb2fd72473fa0c6db996b64485d ",Potsawat Thinkanwatthana,
No,8.4,backlog,"Naming:
ต้ังช่ือ class, method, field/variableให้
- สื่อกับบริบทหรือการใช้งาน
- ถูกต้องตามหลักการต้ังช่ือ",Should,Black,OakCoders,TEAM,≤ 5,"https://www.notion.so/1879625e55d241358536357241c20899 ",Potsawat Thinkanwatthana,
No,9,backlog,ใช้ MVC (Model-View-Controller architecture),MUST,Red,OakCoders,see 9.*,see 9.*,"https://developer.mozilla.org/en-US/docs/Glossary/MVC, https://www.notion.so/bbc6e729becf457d9c701a7f9a1a8671 ",Potsawat Thinkanwatthana,
No,9.1,backlog,"MVC→Model→Object→HasProperBehaviors:
Model Class เก็บข้อมูลและ method ท่ีทํางานในการแก้ไขข้อมูลของคลาส และ/หรือ คํานวณ/ประมวล ผลกับข้อมูลของคลาส",MUST,Red,OakCoders,TEAM,5,,Potsawat Thinkanwatthana,
No,9.2,backlog,มี Collection Class เพื่อจัดการ collection ของ model object,MUST,Red,OakCoders,TEAM,5,,Potsawat Thinkanwatthana,- ?[ข้อกำหนด] อะไรคือ Collection Class
No,9.3,backlog,ต้องไม่มีส่วนของ Controller หรือ View ใน Model Class,MUST,Red,OakCoders,n/a,n/a,,Potsawat Thinkanwatthana,
No,9.4,backlog,"Controller Class เป็นส่วนจัดการการรับข้อมูลจากผู้ใช้ การส่งค่าไปคํานวณ/ประมวลผลท่ี Model Class และการส่งค่าไปแสดงผลท่ี View ดังน้ันจะต้องไม่มีการคํานวณค่าของข้อมูลใน model object เกิดข้ึนโดยตรงท่ี Controller Class

→ see Notes",MUST,Red,OakCoders,TEAM,5,,Potsawat Thinkanwatthana,"Statement ใน Controller Classes จะต้องไม่มี
1. expression / statement ที่เป็น subset ของ method (behavior) ใด ๆ ของ model object
2. expression / statement ที่มีส่วนเกี่ยวข้องกับ behavior ของ model object นอกจากการเรียกใช้ method ของ model object

operation ใด ๆ ต้องทำผ่านการเรียก method ของ model object เท่านั้น"
No,9.5,backlog,"View (JavaFX) เป็นส่วนการแสดงผลข้อมูลของโปรแกรม นิสิตจะ
a. เขียนเขียนไฟล์ .fxml
b. หรือจะสร้าง component สําหรับการแสดงผลจากใน Controller Class ก็ได้",info,Black,OakCoders,-,-,,Potsawat Thinkanwatthana,
No,10,backlog,ใช้หลักการโปรแกรมเชิงวัตถุขั้นสูง,Should,Black,OakCoders,see 10.*,see 10.*,,Potsawat Thinkanwatthana,
No,10.1,backlog,"มี superclass/subclass ท่ีเหมาะสม หมายความว่า ควรตรงกับคุณสมบัติ IS-A

เช่น
- Car เป็น subclass ของ Vehicle น้ันเหมาะสม (Car IS-A Vehicle)
- แต่ Book เป็น subclass ของ Library น้ันไม่เหมาะสม (Book IS-A Library?)",Should,Black,OakCoders,TEAM,≤ 5,,Potsawat Thinkanwatthana,
No,10.2,backlog,อาจมีหรือไม่มี interface ก็ได้ ให้นิสิตพิจารณาตามความเหมาะสม และเขียนอย่างถูกต้อง,info,Black,OakCoders,-,-,,Potsawat Thinkanwatthana,
No,10.3,backlog,"superclass และ subclass ต้องมีการทํางานบางอย่างท่ีเหมือนกัน และบางอย่างท่ีแตกต่างกันอย่างเหมาะสม โดย superclass ควรระบุ method ท้ังหมดท่ี subclass ใช้ร่วมกันเพื่อให้เกิด polymorphism ได้ และ subclass ควรออกแบบให้ดีเพื่อให้ตรงกับคุณสมบัติดังกล่าว

Notice: 
- หาก subclass ต่างจาก superclass แค่ constructor แสดงว่ายังออกแบบไม่ดี
- หรือหาก superclass ไม่มี method ใดเลยแต่ subclass มี method ท่ีแตกต่างกันไปหมดแสดงว่ายังออกแบบไม่ดี",Should,"Black, Blue",OakCoders,TEAM,≤ 5,,Potsawat Thinkanwatthana,
No,10.4,backlog,"Styling:
เขียนโค้ดให้เห็นชัดเจนว่ามีการใช้งาน polymorphism ท่ีเหมาะสม",MUST,"Black, Red",OakCoders,TEAM,5,,Potsawat Thinkanwatthana,
No,11,release,"UML:
รวมทั้งหมด 3 รูป

→ see Refs",Should,Black,OakCoders,TEAM,≤ 5,"https://www.notion.so/710ffea17ebd4dfea2ceb1a6a11eeaae ",Potsawat Thinkanwatthana,
No,11.1,release,Model Classes 1 รูป,Should,Black,OakCoders,see 11,see 11,,Potsawat Thinkanwatthana,
No,11.2,release,Controller Classes 1 รูป,Should,Black,OakCoders,see 11,see 11,,Potsawat Thinkanwatthana,
No,11.3,release,Utility Classes 1 รูป,Should,Black,OakCoders,see 11,see 11,,Potsawat Thinkanwatthana,
No,11.4,release,ไม่ต้อง ทำ UML สำหรับ 3rd party classes,Should,Black,OakCoders,see 11,see 11,,Potsawat Thinkanwatthana,
No,12,release,"Docs:
ต้อง มีไฟล์ pdf เพื่ออธิบายรายละเอียดและการใช้งานโปรแกรม",MUST,Red,OakCoders,TEAM,5 || 0,"https://www.notion.so/5ca569a6aa7349ac90ced4485248a593 ",Potsawat Thinkanwatthana,
No,13,release,UI & UX,Should,Black,UI & UX,see 13.*,see 13.*,,Potsawat Thinkanwatthana,
No,13.1,release,"UI:
โทนสี & องค์ประกอบ
- มี unity เป็นอันหนึ่งอันเดียวกัน
- ดูได้ชัด
- น่าใช้
- ไม่แสบตา
- ไม่ลวงตา
- ขนาด font เหมาะสม
- คำนึงถึงการใช้งานจริง",Should,Black,UI & UX,TEAM,≤ 5,,Potsawat Thinkanwatthana,
No,13.2,release,"UI & UX:
- พิสูจน์อักษร",MUST,Blue,UI & UX,TEAM,-5 ต่อจุดที่เจอ (ผิดคำซ้ำแต่คนละที่ถือว่าเป็นคนละจุด),,Potsawat Thinkanwatthana,
No,13.3,release,"UI:
- intuitive
- แสดงข้อมูลที่ชัดเจน
- มี label ระบุ field ต่าง ๆ
- proper proportion
- จอ height ≤ 1,024 pixels
- จอ width ให้เหมาะกันขนาดของ laptop ทั่วไป
- มี guiding messages

→ see Notes",Should,Black,UI & UX,TEAM,≤ 10,,Potsawat Thinkanwatthana,- guiding messages น่าจะหมายถึง message ที่ show up เวลาที่  hover
No,13.4,release,"UI:
- Animated GUI ที่น่าสนใจ เวลาเกิด action และเหมาะสมกับ context",may,Green,UI & UX,TEAM,5++,,Potsawat Thinkanwatthana,
No,13.5,release,"UI & UX:
- Custom themes
- Applies to each page

e.g., color tone, font size, font face",may,Green,UI & UX,TEAM,10++,,Potsawat Thinkanwatthana,
No,14,release,"UI:
การเปลี่ยนหน้าทำได้จาก
- menu button
- dedicated button
โดยต้องมี route ไปที่
- ข้อมูลนิสิตผู้จัดทำโปรแกรม

→ see References",MUST,Red,"Features, UI & UX",TEAM,5 || 0,"https://www.notion.so/7d9af2ca213d43f884c7e936b7d8eb77 ",Potsawat Thinkanwatthana,
No,15,backlog,"Administration:
- ไม่ต้องมีระบบสร้างบัญชี Admin
- dummy username, password ได้เลย (เขียนใส่ docs ไว้)

→ see References",MUST,Red,"Admin, Features, Roles",see 15.*,see 15.*,"https://www.notion.so/ca9a90f3aab740608d8659aecd7849a6, https://www.notion.so/5ca569a6aa7349ac90ced4485248a593 ",Potsawat Thinkanwatthana,
No,15.1,backlog,"Administration:
change password ได้ (โดยต้องระบุ username และ password เดิมที่ถูกต้อง และ password ต้องใช้ได้)",Should,Black,"Admin, Features, Roles, UI & UX",TEAM,≤ 5,,Potsawat Thinkanwatthana,
No,15.2,backlog,"Administration:
หน้า user list
- profile image
- username
- name
- [Staff role] ชื่อหน่วยงาน
- last login date and time

→ References",MUST,Red,"Features, Roles, UI & UX",TEAM,5 || 0,"https://www.notion.so/0c352c774c1a47398e7672f860882068 ",Potsawat Thinkanwatthana,
No,15.3,backlog,"Reports:
มีหน้ารายการของรายงานความไม่เหมาะสมของ users
e.g., มีเนื้อหาไม่เหมาะสม, fake news, explicit contents, violation, etc.",Should,Black,"Admin, Features, Roles, UI & UX, User",TEAM,≤ 10,,Potsawat Thinkanwatthana,
No,15.3.1,backlog,"Administration:
The Admin can suspends (ระงับ) users’ access permission",Should,Black,"Admin, Features, Roles, User",see 15.3,see 15.3,,Potsawat Thinkanwatthana,
No,15.3.2,backlog,"Administration:
user ที่ถูก suspend permission
- จะไม่มี permission ในการ login เข้าแอป
- มีข้อความแจ้งเตือนการถูก suspend ตอนจะ login",Should,Black,"Admin, Features, Roles, UI & UX, User",see 15.3,see 15.3,"https://www.notion.so/ca9a90f3aab740608d8659aecd7849a6 ",Potsawat Thinkanwatthana,
No,15.3.3,backlog,"Administration:
- Admin สามารถรู้จำนวน login attempts ในระหว่าง suspending period ของแต่ละ user

→ see Notes",Should,Black,"Admin, Features, Roles, User",see 15.3,see 15.3,,Potsawat Thinkanwatthana,- Counts the users’ login attempts during suspended period (reports to Admin)
No,15.3.4,backlog,"Administration:
suspended users สามารถส่ง unsuspending request ได้ โดยแจ้ง
- username
- เหตุผลการขอ unsuspend (คืนสิทธิ์)
ผ่านหน้าจอ app",Should,Black,"Admin, Features, Roles, UI & UX, User",see 15.3,see 15.3,,Potsawat Thinkanwatthana,
No,15.4,backlog,"Administration:
Admin มีหน้าสำหรับสร้าง Staff account โดยระบุ
- username
- password
- confirm password
- name
- profile image
- organization (หน่วยงานที่รับผิดชอบ)
และ check ไม่ให้ username ซ้ำกับ account ที่มีอยู่แล้ว (this username has already taken)",Should,Black,"Admin, Features, Roles, Staff, UI & UX",see 15.3,see 15.3,,Potsawat Thinkanwatthana,
No,15.5,backlog,"Administration:
Admin มี menu จัดการ organizations ของ Staff",may,Green,"Admin, Complaints, Features, Roles, Staff, UI & UX",TEAM,5++,,Potsawat Thinkanwatthana,
No,15.5.1,backlog,"Administration:
The Admin can
- creates new Staff organization
- renames a Staff organization",may,Green,"Admin, Features, Roles, Staff, UI & UX",see 15.5,see 15.5,,Potsawat Thinkanwatthana,
No,15.5.2,backlog,"Administration:
The Admin can
- assigns a Staff an organization manager",may,Green,"Admin, Features, Roles, Staff",see 15.5,see 15.5,,Potsawat Thinkanwatthana,
No,15.5.3,backlog,"Administration, ComplaintDB:
- NO hard coding
- The complaint category MUST be create-able",MUST,Blue,"Complaints, Features",TEAM,NO EXTRA MARKS FOR THIS SECTION (15.5),,Potsawat Thinkanwatthana,
No,15.6,backlog,"ComplaintDB:
มี menu จัดการ complaints",may,Green,"Admin, Complaints, Features, Roles",TEAM,5++,,Potsawat Thinkanwatthana,
No,15.6.1,backlog,"Administration, ComplaintDB:
The Admin มี permission สร้าง new complaint category",may,Green,"Admin, Complaints, Features, Roles",see 15.6,see 15.6,,Potsawat Thinkanwatthana,
No,15.6.2,backlog,"ComplaintDB:
complaint category แต่ละแบบจะมี characteristics (จะเรียกว่า case attributes) ที่แตกต่างจาก category อื่น ๆ

เช่น หมวดหมู่การจัดกิจกรรมไม่เหมาะสม จะให้เพิ่มคุณลักษณะ ชมรม/หน่วยงาน ท่ีจัดกิจกรรม ช่ือ/กลุ่มผู้ดูแลกิจกรรม แต่หมวดหมู่อาคารสถานท่ีชํารุด จะให้เพิ่ม คุณลักษณะสถานท่ีท่ีเกิดความเสียหายภาพประกอบของความเสียหายเป็นต้น",may,Green,"Complaints, Features",see 15.6,see 15.6,,Potsawat Thinkanwatthana,
No,15.6.3,backlog,"ComplaintDB:
- NO hard coding",Should,Green,"Complaints, Features",TEAM,NO EXTRA MARKS FOR THIS SECTION (%E0%B8%82%E0%B9%89%E0%B8%AD%E0%B8%81%E0%B8%B3%E0%B8%AB%E0%B8%99%E0%B8%94%2035b6d6eeb5704973931d7aac87e3eb5d/15%206%20c183a0c7343e464ca050f2ce1018fc37.md),,Potsawat Thinkanwatthana,
No,15.7,backlog,"<REQUIRES %E0%B8%82%E0%B9%89%E0%B8%AD%E0%B8%81%E0%B8%B3%E0%B8%AB%E0%B8%99%E0%B8%94%2035b6d6eeb5704973931d7aac87e3eb5d/15%206%20c183a0c7343e464ca050f2ce1018fc37.md>
ComplaintDB:
About the complaint category",may,Green,"Complaints, Features, UI & UX",see 15.7.*,see 15.7.*,,Potsawat Thinkanwatthana,
No,15.7.1,backlog,"<REQUIRES %E0%B8%82%E0%B9%89%E0%B8%AD%E0%B8%81%E0%B8%B3%E0%B8%AB%E0%B8%99%E0%B8%94%2035b6d6eeb5704973931d7aac87e3eb5d/15%206%20c183a0c7343e464ca050f2ce1018fc37.md>
ComplaintDB:
ตอนที่สร้าง complaint ใหม่,
หลังจากที่ (a.) เลือก category แล้ว (b.) จะสามารถเพิ่ม case attributes สำหรับ case ที่กำลังกรอกอยู่ได้ โดย field สำหรับกรอก case attribute จะเป็น dropdown list ให้เลือก ซึ่งใน dropdown list นั้นจะขึ้นเฉพาะ case attributes สำหรับ category ของ case ที่ได้เลือกไปตอน (a.) เท่านั้น – ตัวเลือก case attributes จะต้องถูกต้องตาม category",may,Green,"Complaints, Features, UI & UX",TEAM,5++,"https://www.notion.so/befffe6753304a39a5560b445004fc88 ",Potsawat Thinkanwatthana,
No,15.7.2,backlog,"<REQUIRES %E0%B8%82%E0%B9%89%E0%B8%AD%E0%B8%81%E0%B8%B3%E0%B8%AB%E0%B8%99%E0%B8%94%2035b6d6eeb5704973931d7aac87e3eb5d/15%206%20c183a0c7343e464ca050f2ce1018fc37.md>
ComplaintDB:
มี case attribute ประเภท image,
โดยสามารถ upload ตอนที่กรอก complaint ได้ และต้องแสดง image ในรายละเอียดของ case นั้น ๆ ได้ถูกต้อง",may,Green,"Complaints, Features, UI & UX",TEAM,15++,,Potsawat Thinkanwatthana,
No,15.7.3,backlog,"Prerequisite: <REQUIRES %E0%B8%82%E0%B9%89%E0%B8%AD%E0%B8%81%E0%B8%B3%E0%B8%AB%E0%B8%99%E0%B8%94%2035b6d6eeb5704973931d7aac87e3eb5d/15%206%20c183a0c7343e464ca050f2ce1018fc37.md>
1. ต้องได้ extra จากข้อ %E0%B8%82%E0%B9%89%E0%B8%AD%E0%B8%81%E0%B8%B3%E0%B8%AB%E0%B8%99%E0%B8%94%2035b6d6eeb5704973931d7aac87e3eb5d/15%206%20c183a0c7343e464ca050f2ce1018fc37.md ก่อน
2. NO hard coding",must-may,Blue,"Admin, Complaints, Features, Roles, UI & UX",TEAM,TRUE || FALSE,,Potsawat Thinkanwatthana,
No,16,backlog,AccountManagement,MUST,Black,"Features, Roles, UI & UX, User",see 16.*,see 16.*,,Potsawat Thinkanwatthana,
No,16.1,backlog,"AccountManagement:
มี registration system สำหรับ users โดย
- registering user ต้องเป็นนิสิตเท่านั้น
- เก็บข้อมูลของ user ../%E0%B9%80%E0%B8%81%E0%B8%93%E0%B8%91%E0%B9%8C%E0%B8%84%E0%B8%B0%E0%B9%81%E0%B8%99%E0%B8%99%2062dae376cf604263b00bbe749b1c61d9.md

→ see References",MUST,Red,"Features, Roles, User",TEAM,5 || 0,"https://www.notion.so/64643ed24e8d4c0b9feb0bfd28b3f474 ",Potsawat Thinkanwatthana,
No,16.2,backlog,"AccountManagement:
มีระบบ change password

→ see References",Should,Black,"Features, Roles, User",TEAM,≤ 5,"https://www.notion.so/c4a68674a45148b9aa8110bd89150545 ",Potsawat Thinkanwatthana,
No,16.3,backlog,"AccountManagement:
User account มี profile image ที่
- สามารถเพิ่มได้ตอน register
- สามารถเปลี่ยนได้

→ see References",MUST,Red,"Features, Roles, UI & UX, User",TEAM,5 || 0,"https://www.notion.so/64643ed24e8d4c0b9feb0bfd28b3f474, https://www.notion.so/6830a7bdb088446a9aa308072e2ed9fd ",Potsawat Thinkanwatthana,
No,17,backlog,"KU::Students:
ระบบสำหรับนิสิต

users ที่ register ตามข้อ %E0%B8%82%E0%B9%89%E0%B8%AD%E0%B8%81%E0%B8%B3%E0%B8%AB%E0%B8%99%E0%B8%94%2035b6d6eeb5704973931d7aac87e3eb5d/16%201%20473e5e43d82b4570a533d363c5774622.md จะเป็นนิสิตโดยปริยาย",MUST,Black,"Complaints, Features, UI & UX",see 17.*,see 17.*,,Potsawat Thinkanwatthana,
No,17.1,backlog,"Complaint:
มีหน้าแจ้ง complaint ที่เกิดขึ้นภายใน KU

→ see References",MUST,Red,"Complaints, Features",TEAM,5 || 0,"https://www.notion.so/d2d80894710447a5ab26376b1437aa29 ",Potsawat Thinkanwatthana,
No,17.2,backlog,"ComplaintDB, UI:
มีหน้ารวม complaint จากทุก category โดยแยกตาม case status

- มี filter (see %E0%B8%82%E0%B9%89%E0%B8%AD%E0%B8%81%E0%B8%B3%E0%B8%AB%E0%B8%99%E0%B8%94%2035b6d6eeb5704973931d7aac87e3eb5d/17%203%20eca1b62854d7402a9e31448529336230.md)

→ see References",MUST,Red,"Complaints, Features, UI & UX",see 17.2.*,see 17.2.*,"https://www.notion.so/fd423bef9add415bb8ac5410c1f1e8df ",Potsawat Thinkanwatthana,
No,17.2.1,backlog,"ComplaintDB, UI:
มีระบบ sorting จากเวลาที่แจ้ง (open time)

→ see References",MUST,Red,"Complaints, Features, UI & UX",TEAM,5 || 0,"https://www.notion.so/fd423bef9add415bb8ac5410c1f1e8df ",Potsawat Thinkanwatthana,
No,17.2.2,backlog,"ComplaintDB, UI:
มีระบบ sorting จากคะแนน vote

→ see References",MUST,Red,"Complaints, Features, UI & UX",TEAM,5 || 0,"https://www.notion.so/fd423bef9add415bb8ac5410c1f1e8df ",Potsawat Thinkanwatthana,
No,17.2.3,backlog,"ComplaintDB, UI:
NO PLAGIARISM

OakCoders ต้องเป็นผู้เขียน sorting logic เอง",MUST,Blue,"Complaints, Features, UI & UX",TEAM,NO MARKS FOR THIS SECTION (%E0%B8%82%E0%B9%89%E0%B8%AD%E0%B8%81%E0%B8%B3%E0%B8%AB%E0%B8%99%E0%B8%94%2035b6d6eeb5704973931d7aac87e3eb5d/17%202%206213848f333f4fcb8d33f01becbd1d26.md),,Potsawat Thinkanwatthana,
No,17.3,backlog,"ComplaintDB, UI:
ในหน้ารวม complaint (see %E0%B8%82%E0%B9%89%E0%B8%AD%E0%B8%81%E0%B8%B3%E0%B8%AB%E0%B8%99%E0%B8%94%2035b6d6eeb5704973931d7aac87e3eb5d/17%202%206213848f333f4fcb8d33f01becbd1d26.md)
Filtering algorithms",Should,Black,"Complaints, Features, UI & UX",see 17.3.*,see 17.3.*,,Potsawat Thinkanwatthana,
No,17.3.1,backlog,"ComplaintDB, UI:
ในหน้ารวม complaint (see %E0%B8%82%E0%B9%89%E0%B8%AD%E0%B8%81%E0%B8%B3%E0%B8%AB%E0%B8%99%E0%B8%94%2035b6d6eeb5704973931d7aac87e3eb5d/17%202%206213848f333f4fcb8d33f01becbd1d26.md)
Filtering by category

ในขณะที่แสดง sorted complaints ยังสามารถ apply filter เพื่อเลือกเฉพาะ category ที่สนใจได้ด้วย โดยที่ (a.) cases ยังถูก sort ตามเดิม หรือ (b.) เปลี่ยน sorting algorithm ได้ – sorting algorithm ต้องทำงานประสานกับ filtering algorithm ได้",Should,Black,"Complaints, Features, UI & UX",TEAM,≤ 5,,Potsawat Thinkanwatthana,